id,first_name,last_name,email,gender,favorite_genres,created_at,updated_at
70004,Julie,Barnes,julierobinson@example.com,Male,Country,2024-06-10T09:43:18,2024-04-30T19:23:30
36804,Dwayne,Pearson,melissa05@example.net,Female,Pop,2024-09-05T12:53:02,2024-12-29T06:33:56
63594,Ray,Sosa,jamiedecker@example.com,Male,Rock,2023-10-03T22:33:20,2024-06-14T21:25:07
87276,Nathan,Richards,wfowler@example.com,Genderfluid,Jazz,2023-03-17T17:41:11,2024-02-09T02:54:22
48029,Tanya,Hunt,qrivera@example.com,Gender questioning,Jazz,2023-07-12T01:40:24,2024-10-28T20:55:58
4058,Michael,Castillo,maria23@example.com,Genderqueer,Classical,2024-10-29T10:06:31,2024-02-10T20:56:11
50323,Cynthia,Williams,bkim@example.net,Male,Punk,2024-04-15T19:04:21,2024-09-05T15:25:44
57333,Elizabeth,Cain,howardrobin@example.com,Gender questioning,Pop,2023-11-12T19:17:25,2024-12-29T16:06:38
36371,Tiffany,Hernandez,erinking@example.com,Genderqueer,Alternative,2024-05-03T02:19:13,2024-11-11T05:14:51
12337,Michelle,Baxter,aaronbutler@example.org,Genderqueer,Country,2023-08-29T09:46:52,2024-04-26T23:42:26
92279,Luis,Johnson,srobbins@example.org,Genderqueer,Techno,2024-08-14T07:24:49,2024-02-07T06:08:56
56500,Luis,Jackson,wagnercharles@example.net,Genderfluid,Jazz,2023-04-07T01:31:47,2024-10-29T18:31:30
52305,Zachary,Sanders,sullivanholly@example.org,Genderqueer,Hip Hop,2024-02-16T22:40:30,2024-10-12T00:33:58
66341,Danielle,Gaines,christophermills@example.org,Genderqueer,Reggae,2023-10-01T05:56:08,2024-11-05T14:34:37
19633,Brenda,Church,williamsjillian@example.net,Genderfluid,Indie,2023-10-31T19:26:35,2025-01-13T03:27:56
86988,Brittany,Bush,gabriel67@example.net,Bigender,Electronic,2024-01-03T03:38:18,2024-03-10T06:14:21
27860,Eric,Gonzales,lhughes@example.net,Bigender,Jazz,2023-12-13T21:46:48,2024-12-19T23:25:38
76759,Steven,Powell,hunderwood@example.com,Male,Alternative,2023-10-31T22:31:59,2024-06-01T04:46:04
29471,Abigail,Collins,martinpatricia@example.org,Non-binary,Jazz,2023-09-17T12:40:36,2024-09-02T18:05:20
19096,Joshua,Shelton,msullivan@example.com,Gender questioning,Techno,2023-12-15T11:34:39,2024-02-13T16:41:30
26138,Michelle,Thomas,flyons@example.com,Genderqueer,Pop,2024-07-29T19:28:30,2025-01-11T19:34:30
6935,Melissa,Neal,hernandeztimothy@example.com,Female,Punk,2023-10-04T14:16:34,2025-01-11T18:42:49
97106,Steve,Morris,katherinewilliams@example.org,Gender nonconforming,Rock,2024-10-06T00:06:19,2024-05-18T01:32:25
86766,Javier,Martin,michaelcastillo@example.com,Gender nonconforming,Pop,2024-05-02T09:46:21,2024-09-01T08:38:11
18279,Patricia,Cooke,dylanstevenson@example.com,Gender nonconforming,Country,2023-03-01T03:25:01,2024-12-31T10:56:06
74341,Rachel,Green,michelejohnson@example.net,Genderqueer,Reggae,2023-10-17T09:36:49,2024-01-27T06:10:51
78840,Rebecca,Burke,jenkinsjohn@example.com,Male,Indie,2023-08-29T21:58:33,2024-06-13T23:30:31
61903,George,Griffin,abates@example.com,Gender questioning,Metal,2024-04-30T06:09:35,2024-10-28T10:03:05
95704,Tracy,Nixon,gerald26@example.com,Non-binary,Funk,2024-04-09T11:54:02,2024-10-18T15:38:25
66925,Christine,Oneill,ashleywilkinson@example.com,Agender,Jazz,2023-11-01T00:03:08,2024-07-16T09:27:58
43316,Gabriela,Doyle,tiffanylloyd@example.net,Gender questioning,Country,2023-04-18T14:40:27,2024-09-08T21:13:46
88885,Adam,Griffin,daniel55@example.org,Male,R&B,2023-10-14T23:50:13,2024-09-23T12:09:05
10576,Daniel,Sanders,alexanderjohnson@example.com,Genderfluid,Electronic,2023-11-19T22:14:46,2024-07-31T15:23:11
4536,Ariel,Burton,richard90@example.org,Gender questioning,Electronic,2023-04-21T22:39:22,2024-03-30T20:09:47
60853,Kimberly,George,nsanders@example.org,Gender questioning,Rock,2024-05-16T20:22:57,2024-10-23T04:15:43
73515,Jamie,Chambers,manuelwolf@example.org,Non-binary,Techno,2024-07-03T18:50:52,2024-07-08T01:15:32
86821,Lisa,White,fdowns@example.com,Non-binary,Punk,2023-05-28T17:44:02,2024-11-19T02:42:57
51198,Theresa,Moore,ubarrera@example.net,Agender,Classical,2024-10-01T17:07:33,2024-06-17T14:55:31
60274,Tammy,Hanna,elizabeth81@example.net,Agender,Jazz,2023-08-06T09:06:06,2024-08-27T17:39:47
22385,Laura,Livingston,christopher28@example.org,Genderqueer,Jazz,2024-07-23T13:21:02,2024-10-14T23:31:03
30522,Julie,Lopez,ellisjonathon@example.com,Gender nonconforming,R&B,2024-12-17T03:35:36,2024-11-08T04:43:41
96195,Anthony,Diaz,deborahmccarthy@example.com,Genderfluid,Jazz,2023-12-16T00:45:54,2024-08-15T12:12:20
56479,Jason,Crane,jenniferwalton@example.org,Non-binary,R&B,2024-11-05T06:15:38,2024-06-26T16:17:43
77658,Robert,Lopez,jonathanallison@example.net,Gender nonconforming,R&B,2025-01-17T01:57:47,2024-01-25T22:28:52
67008,Kim,Nguyen,mallorytorres@example.net,Non-binary,Country,2023-12-25T05:42:27,2025-01-08T23:22:26
62754,Tony,Harris,williamsthomas@example.com,Bigender,R&B,2024-11-07T10:01:58,2024-06-04T19:13:30
32439,Judy,Brown,danielle34@example.net,Gender questioning,Blues,2024-03-10T03:16:06,2025-01-12T18:51:02
28679,Lauren,King,stevenbarber@example.org,Genderfluid,Metal,2023-03-09T05:06:45,2024-12-21T01:52:12
84812,Chris,Reynolds,meyerseric@example.net,Male,Hip Hop,2023-06-16T02:13:45,2024-10-22T04:46:46
30303,Jeremiah,Miller,joseph10@example.org,Gender questioning,Electronic,2024-12-22T16:56:40,2024-04-02T17:43:15
62326,Joseph,Ramos,blloyd@example.net,Agender,Hip Hop,2023-04-04T18:48:21,2024-05-16T18:01:22
52573,Peter,Rivera,eric23@example.com,Genderqueer,Funk,2024-08-01T07:18:17,2024-08-04T15:46:15
51810,James,Payne,andrewlucas@example.net,Bigender,Reggae,2023-06-27T11:17:12,2024-06-30T18:01:28
49756,Joel,Jensen,ashleymolina@example.com,Non-binary,Jazz,2024-11-19T21:19:38,2024-05-18T19:46:28
3471,Alexander,Kidd,cainjames@example.com,Genderfluid,Blues,2024-08-08T19:06:28,2024-11-26T19:17:59
7947,Emily,Cooper,lisacollins@example.net,Bigender,Hip Hop,2023-11-17T19:33:28,2024-06-11T04:59:59
32752,Larry,Anderson,rmitchell@example.org,Agender,Classical,2024-03-08T00:20:12,2024-06-19T16:01:31
89860,Matthew,Anderson,gjordan@example.com,Genderfluid,Reggae,2024-09-08T22:21:22,2025-01-18T10:02:04
40681,Joanne,Wells,dawn42@example.net,Female,Country,2024-12-03T14:05:47,2024-07-19T12:01:17
29243,Ethan,Dodson,robertscott@example.com,Gender nonconforming,Electronic,2024-10-02T10:29:58,2024-05-20T12:51:10
37937,Dakota,Rodriguez,matthew99@example.org,Genderqueer,Punk,2023-11-26T18:29:26,2025-01-07T07:44:25
29148,David,Schultz,daisy15@example.com,Genderfluid,Folk,2023-05-13T16:38:21,2024-03-18T18:46:33
56246,Craig,Martin,robert12@example.net,Bigender,Reggae,2023-12-14T09:35:37,2024-04-14T15:49:48
71347,Isaac,Dixon,hollylindsey@example.com,Genderfluid,Indie,2023-12-03T21:28:21,2024-10-25T17:24:17
41229,Devin,Miller,hollylawson@example.net,Gender nonconforming,R&B,2024-01-07T11:16:16,2025-01-02T08:48:30
12373,Kimberly,Herrera,carsonjeffrey@example.net,Agender,Metal,2024-02-10T19:04:42,2024-06-03T06:47:08
98244,Jeffrey,Lee,rebeccaperkins@example.net,Female,Metal,2023-07-14T12:21:43,2024-11-08T09:20:09
71307,John,Holt,qpotter@example.com,Bigender,Jazz,2023-03-14T10:34:07,2024-07-05T03:28:55
29977,Robert,Young,glynch@example.com,Non-binary,Folk,2025-01-09T08:13:33,2024-05-26T13:11:22
33108,Patrick,Johnson,rodriguezmichael@example.com,Bigender,Country,2023-05-19T10:34:26,2024-08-08T09:40:55
56612,Aaron,Strickland,eharris@example.org,Agender,Electronic,2023-09-24T18:00:46,2024-05-18T19:11:25
76411,Cheryl,Watts,tara76@example.net,Gender nonconforming,Pop,2023-04-06T11:19:12,2024-03-24T02:10:45
22869,Matthew,Owen,harryprice@example.net,Gender questioning,Indie,2023-07-20T23:03:29,2024-06-25T13:29:04
49396,Nancy,Wells,falexander@example.net,Gender nonconforming,Rock,2023-06-12T19:47:42,2024-03-07T08:01:12
29168,Thomas,Gay,kimberly12@example.org,Genderqueer,Blues,2023-12-13T00:02:37,2024-03-26T11:54:54
75728,Elizabeth,Johnson,ghogan@example.com,Gender nonconforming,Classical,2023-10-04T20:18:01,2024-04-07T13:27:38
68647,Amanda,Mccall,patriciacase@example.com,Genderqueer,Alternative,2024-07-12T14:58:14,2024-12-08T20:32:57
18732,Kimberly,Garrison,jamie59@example.net,Genderqueer,Techno,2023-04-06T12:51:06,2024-04-12T23:20:14
38881,Jennifer,Avery,suzanne44@example.org,Genderqueer,Metal,2023-07-06T07:46:28,2024-11-09T21:32:53
43196,Benjamin,Henderson,pageleah@example.net,Gender nonconforming,R&B,2024-02-28T05:57:27,2024-02-07T17:25:02
53930,Tara,Coleman,hendersonanne@example.com,Genderqueer,Techno,2023-08-14T08:51:39,2024-04-22T03:04:08
65973,Lance,Hernandez,henrystephanie@example.net,Genderfluid,Jazz,2023-02-17T14:19:18,2024-05-01T11:02:54
86854,Jenna,Chambers,russellgregg@example.org,Agender,Pop,2024-03-03T10:23:37,2024-12-29T21:37:19
15686,John,Reynolds,sethfuentes@example.net,Gender questioning,Hip Hop,2023-02-03T12:59:07,2024-12-09T13:00:09
88291,Jennifer,King,smartinez@example.org,Non-binary,Funk,2024-12-16T12:36:33,2024-01-27T23:34:40
46958,Robert,Cherry,qwallace@example.org,Gender questioning,Rock,2024-06-27T03:27:22,2024-07-21T06:25:31
98429,Kayla,Bailey,robert17@example.net,Female,Country,2024-07-17T12:11:12,2024-10-14T00:15:01
76877,Margaret,Abbott,aguilarwendy@example.net,Genderfluid,Electronic,2023-09-15T10:10:06,2024-08-30T15:16:19
20406,William,Hughes,george61@example.org,Genderqueer,Funk,2024-01-18T03:15:53,2024-07-17T03:45:55
19261,Cindy,Moss,rarmstrong@example.com,Bigender,Electronic,2023-10-02T06:58:49,2024-05-15T14:47:42
82755,Catherine,James,lynn16@example.com,Gender questioning,Jazz,2023-12-10T11:03:33,2024-07-01T04:15:22
55148,Amy,Obrien,cynthia19@example.org,Bigender,Blues,2023-04-22T15:26:24,2025-01-08T03:45:20
18233,Lindsay,Guzman,angela49@example.net,Female,Funk,2024-10-07T20:19:20,2024-02-22T10:34:48
80014,Jessica,Hill,jamessolis@example.org,Genderfluid,Folk,2023-04-26T05:57:34,2024-11-24T22:37:36
89672,Anna,Ferguson,michaeldiaz@example.org,Agender,Hip Hop,2024-07-11T12:39:01,2024-06-13T04:42:17
13642,Shane,Smith,kdavis@example.com,Non-binary,Indie,2023-12-02T16:35:13,2024-02-19T20:28:32
92484,Sarah,Hernandez,holtvincent@example.org,Non-binary,Techno,2024-07-11T18:55:53,2024-09-27T08:56:00
32080,Kathleen,Erickson,vpeters@example.net,Gender nonconforming,Metal,2023-03-13T02:19:46,2024-08-18T14:36:35
17541,Marcus,Anderson,stephanieestrada@example.net,Gender nonconforming,Blues,2024-11-19T00:37:32,2024-11-02T21:54:22
53264,April,Franco,victoriasteele@example.com,Female,Rock,2024-02-24T17:40:28,2024-10-21T16:54:21
